,dataset_name,group_id,network_id,predictor,outcome,decoder_fname,r2,r
0,B_PC1by75_N1000_06-03-20,gru11_b_2020-12-11,7e9d1_00000,hidden_state,io_confidence,io_confidence_hidden_state_7e9d1_00000_decoder.pkl,0.6123116670273994,0.7839532077838111
1,B_PC1by75_N1000_06-03-20,gru11_b_2020-12-11,7e9d1_00000,hidden_state,io_evidence,io_evidence_hidden_state_7e9d1_00000_decoder.pkl,0.976114629630938,0.9880024264258119
2,B_PC1by75_N1000_06-03-20,gru11_b_2020-12-11,7e9d1_00000,hidden_state,io_lr_tplus1,io_lr_tplus1_hidden_state_7e9d1_00000_decoder.pkl,0.607960674559084,0.7797879186084361
3,B_PC1by75_N1000_06-03-20,gru11_b_2020-12-11,7e9d1_00000,hidden_gates_tplus1,io_confidence,io_confidence_hidden_gates_tplus1_7e9d1_00000_decoder.pkl,0.8229474797760663,0.90735687486773
4,B_PC1by75_N1000_06-03-20,gru11_b_2020-12-11,7e9d1_00000,hidden_gates_tplus1,io_evidence,io_evidence_hidden_gates_tplus1_7e9d1_00000_decoder.pkl,0.978542206730226,0.9892540704321088
5,B_PC1by75_N1000_06-03-20,gru11_b_2020-12-11,7e9d1_00000,hidden_gates_tplus1,io_lr_tplus1,io_lr_tplus1_hidden_gates_tplus1_7e9d1_00000_decoder.pkl,0.8124191903553475,0.9013684937039191
6,B_PC1by75_N1000_06-03-20,gru11_b_2020-12-11,7e9d1_00000,hidden_all,io_confidence,io_confidence_hidden_all_7e9d1_00000_decoder.pkl,0.8912776526607,0.9441376042344071
7,B_PC1by75_N1000_06-03-20,gru11_b_2020-12-11,7e9d1_00000,hidden_all,io_evidence,io_evidence_hidden_all_7e9d1_00000_decoder.pkl,0.9807473761657698,0.9903688839150667
8,B_PC1by75_N1000_06-03-20,gru11_b_2020-12-11,7e9d1_00000,hidden_all,io_lr_tplus1,io_lr_tplus1_hidden_all_7e9d1_00000_decoder.pkl,0.8556812713809472,0.9250595009189887
9,B_PC1by75_N1000_06-03-20,gru11_b_2020-12-11,7e9d1_00000,output,io_confidence,io_confidence_output_7e9d1_00000_decoder.pkl,-0.005334642912011134,-0.005255324058610512
10,B_PC1by75_N1000_06-03-20,gru11_b_2020-12-11,7e9d1_00000,output,io_evidence,io_evidence_output_7e9d1_00000_decoder.pkl,0.9455453923582083,0.9723945202478042
11,B_PC1by75_N1000_06-03-20,gru11_b_2020-12-11,7e9d1_00000,output,io_lr_tplus1,io_lr_tplus1_output_7e9d1_00000_decoder.pkl,-0.0016735473705458137,-0.010134636081986443
12,B_PC1by75_N1000_06-03-20,gru11_b_2020-12-11,7e9d1_00001,hidden_state,io_confidence,io_confidence_hidden_state_7e9d1_00001_decoder.pkl,0.4405167681104538,0.6723323883417044
13,B_PC1by75_N1000_06-03-20,gru11_b_2020-12-11,7e9d1_00001,hidden_state,io_evidence,io_evidence_hidden_state_7e9d1_00001_decoder.pkl,0.9786453972425254,0.9892996575285583
14,B_PC1by75_N1000_06-03-20,gru11_b_2020-12-11,7e9d1_00001,hidden_state,io_lr_tplus1,io_lr_tplus1_hidden_state_7e9d1_00001_decoder.pkl,0.4298651713021754,0.659880914741804
15,B_PC1by75_N1000_06-03-20,gru11_b_2020-12-11,7e9d1_00001,hidden_gates_tplus1,io_confidence,io_confidence_hidden_gates_tplus1_7e9d1_00001_decoder.pkl,0.7113704871297499,0.8455958904268864
16,B_PC1by75_N1000_06-03-20,gru11_b_2020-12-11,7e9d1_00001,hidden_gates_tplus1,io_evidence,io_evidence_hidden_gates_tplus1_7e9d1_00001_decoder.pkl,0.9787760438712618,0.9893639418191928
17,B_PC1by75_N1000_06-03-20,gru11_b_2020-12-11,7e9d1_00001,hidden_gates_tplus1,io_lr_tplus1,io_lr_tplus1_hidden_gates_tplus1_7e9d1_00001_decoder.pkl,0.7636320440655096,0.8746091879895848
18,B_PC1by75_N1000_06-03-20,gru11_b_2020-12-11,7e9d1_00001,hidden_all,io_confidence,io_confidence_hidden_all_7e9d1_00001_decoder.pkl,0.7684261261443105,0.8771858623381394
19,B_PC1by75_N1000_06-03-20,gru11_b_2020-12-11,7e9d1_00001,hidden_all,io_evidence,io_evidence_hidden_all_7e9d1_00001_decoder.pkl,0.981107216865949,0.9905700305748628
20,B_PC1by75_N1000_06-03-20,gru11_b_2020-12-11,7e9d1_00001,hidden_all,io_lr_tplus1,io_lr_tplus1_hidden_all_7e9d1_00001_decoder.pkl,0.7904843948225245,0.889167937688122
21,B_PC1by75_N1000_06-03-20,gru11_b_2020-12-11,7e9d1_00001,output,io_confidence,io_confidence_output_7e9d1_00001_decoder.pkl,-0.0050264167454519,0.02013243876710392
22,B_PC1by75_N1000_06-03-20,gru11_b_2020-12-11,7e9d1_00001,output,io_evidence,io_evidence_output_7e9d1_00001_decoder.pkl,0.9488928782819838,0.9741295288231108
23,B_PC1by75_N1000_06-03-20,gru11_b_2020-12-11,7e9d1_00001,output,io_lr_tplus1,io_lr_tplus1_output_7e9d1_00001_decoder.pkl,-0.0013305015083799887,0.02174878183746313
24,B_PC1by75_N1000_06-03-20,gru11_b_2020-12-11,7e9d1_00002,hidden_state,io_confidence,io_confidence_hidden_state_7e9d1_00002_decoder.pkl,0.6588872886728383,0.8121356152664736
25,B_PC1by75_N1000_06-03-20,gru11_b_2020-12-11,7e9d1_00002,hidden_state,io_evidence,io_evidence_hidden_state_7e9d1_00002_decoder.pkl,0.970126928457107,0.9850625910244034
26,B_PC1by75_N1000_06-03-20,gru11_b_2020-12-11,7e9d1_00002,hidden_state,io_lr_tplus1,io_lr_tplus1_hidden_state_7e9d1_00002_decoder.pkl,0.6523341848555502,0.8076889703466414
27,B_PC1by75_N1000_06-03-20,gru11_b_2020-12-11,7e9d1_00002,hidden_gates_tplus1,io_confidence,io_confidence_hidden_gates_tplus1_7e9d1_00002_decoder.pkl,0.8236429089437816,0.9078309970985573
28,B_PC1by75_N1000_06-03-20,gru11_b_2020-12-11,7e9d1_00002,hidden_gates_tplus1,io_evidence,io_evidence_hidden_gates_tplus1_7e9d1_00002_decoder.pkl,0.9742039420191797,0.9870933162798265
29,B_PC1by75_N1000_06-03-20,gru11_b_2020-12-11,7e9d1_00002,hidden_gates_tplus1,io_lr_tplus1,io_lr_tplus1_hidden_gates_tplus1_7e9d1_00002_decoder.pkl,0.779231384929164,0.8829335839434757
30,B_PC1by75_N1000_06-03-20,gru11_b_2020-12-11,7e9d1_00002,hidden_all,io_confidence,io_confidence_hidden_all_7e9d1_00002_decoder.pkl,0.8615552931527246,0.9282212304953789
31,B_PC1by75_N1000_06-03-20,gru11_b_2020-12-11,7e9d1_00002,hidden_all,io_evidence,io_evidence_hidden_all_7e9d1_00002_decoder.pkl,0.9755210590770274,0.9877864254682898
32,B_PC1by75_N1000_06-03-20,gru11_b_2020-12-11,7e9d1_00002,hidden_all,io_lr_tplus1,io_lr_tplus1_hidden_all_7e9d1_00002_decoder.pkl,0.8182745043185191,0.9046552098879934
33,B_PC1by75_N1000_06-03-20,gru11_b_2020-12-11,7e9d1_00002,output,io_confidence,io_confidence_output_7e9d1_00002_decoder.pkl,-0.005220913228504598,0.011039053684151427
34,B_PC1by75_N1000_06-03-20,gru11_b_2020-12-11,7e9d1_00002,output,io_evidence,io_evidence_output_7e9d1_00002_decoder.pkl,0.9348492096978276,0.9669101608009782
35,B_PC1by75_N1000_06-03-20,gru11_b_2020-12-11,7e9d1_00002,output,io_lr_tplus1,io_lr_tplus1_output_7e9d1_00002_decoder.pkl,-0.0017302724247429957,0.003668707825363279
36,B_PC1by75_N1000_06-03-20,gru11_b_2020-12-11,7e9d1_00003,hidden_state,io_confidence,io_confidence_hidden_state_7e9d1_00003_decoder.pkl,0.8320151218312688,0.9143551115912727
37,B_PC1by75_N1000_06-03-20,gru11_b_2020-12-11,7e9d1_00003,hidden_state,io_evidence,io_evidence_hidden_state_7e9d1_00003_decoder.pkl,0.9771424053012279,0.988524476422221
38,B_PC1by75_N1000_06-03-20,gru11_b_2020-12-11,7e9d1_00003,hidden_state,io_lr_tplus1,io_lr_tplus1_hidden_state_7e9d1_00003_decoder.pkl,0.730328579371161,0.8554331265005755
39,B_PC1by75_N1000_06-03-20,gru11_b_2020-12-11,7e9d1_00003,hidden_gates_tplus1,io_confidence,io_confidence_hidden_gates_tplus1_7e9d1_00003_decoder.pkl,0.8576886430939175,0.9263891967606355
40,B_PC1by75_N1000_06-03-20,gru11_b_2020-12-11,7e9d1_00003,hidden_gates_tplus1,io_evidence,io_evidence_hidden_gates_tplus1_7e9d1_00003_decoder.pkl,0.9797224299773803,0.989875604089562
41,B_PC1by75_N1000_06-03-20,gru11_b_2020-12-11,7e9d1_00003,hidden_gates_tplus1,io_lr_tplus1,io_lr_tplus1_hidden_gates_tplus1_7e9d1_00003_decoder.pkl,0.8320357691733427,0.9122767257134863
42,B_PC1by75_N1000_06-03-20,gru11_b_2020-12-11,7e9d1_00003,hidden_all,io_confidence,io_confidence_hidden_all_7e9d1_00003_decoder.pkl,0.8859656574366089,0.9413366632945476
43,B_PC1by75_N1000_06-03-20,gru11_b_2020-12-11,7e9d1_00003,hidden_all,io_evidence,io_evidence_hidden_all_7e9d1_00003_decoder.pkl,0.9804207106933857,0.9902333959235731
44,B_PC1by75_N1000_06-03-20,gru11_b_2020-12-11,7e9d1_00003,hidden_all,io_lr_tplus1,io_lr_tplus1_hidden_all_7e9d1_00003_decoder.pkl,0.8545151436853514,0.9244872769975372
45,B_PC1by75_N1000_06-03-20,gru11_b_2020-12-11,7e9d1_00003,output,io_confidence,io_confidence_output_7e9d1_00003_decoder.pkl,-0.004290530458278097,0.035707746631632974
46,B_PC1by75_N1000_06-03-20,gru11_b_2020-12-11,7e9d1_00003,output,io_evidence,io_evidence_output_7e9d1_00003_decoder.pkl,0.9453608681338372,0.9723056328430018
47,B_PC1by75_N1000_06-03-20,gru11_b_2020-12-11,7e9d1_00003,output,io_lr_tplus1,io_lr_tplus1_output_7e9d1_00003_decoder.pkl,-0.0011108113299596045,0.028562628351776337
48,B_PC1by75_N1000_06-03-20,gru11_b_2020-12-11,7e9d1_00004,hidden_state,io_confidence,io_confidence_hidden_state_7e9d1_00004_decoder.pkl,0.6098429200953286,0.781465068899474
49,B_PC1by75_N1000_06-03-20,gru11_b_2020-12-11,7e9d1_00004,hidden_state,io_evidence,io_evidence_hidden_state_7e9d1_00004_decoder.pkl,0.9748721548502616,0.9873699347282142
50,B_PC1by75_N1000_06-03-20,gru11_b_2020-12-11,7e9d1_00004,hidden_state,io_lr_tplus1,io_lr_tplus1_hidden_state_7e9d1_00004_decoder.pkl,0.5903788691594347,0.7683783149041217
51,B_PC1by75_N1000_06-03-20,gru11_b_2020-12-11,7e9d1_00004,hidden_gates_tplus1,io_confidence,io_confidence_hidden_gates_tplus1_7e9d1_00004_decoder.pkl,0.7808694295287695,0.8842064178079296
52,B_PC1by75_N1000_06-03-20,gru11_b_2020-12-11,7e9d1_00004,hidden_gates_tplus1,io_evidence,io_evidence_hidden_gates_tplus1_7e9d1_00004_decoder.pkl,0.9762885977268827,0.9880785893535197
53,B_PC1by75_N1000_06-03-20,gru11_b_2020-12-11,7e9d1_00004,hidden_gates_tplus1,io_lr_tplus1,io_lr_tplus1_hidden_gates_tplus1_7e9d1_00004_decoder.pkl,0.7724427962769786,0.8789260613293456
54,B_PC1by75_N1000_06-03-20,gru11_b_2020-12-11,7e9d1_00004,hidden_all,io_confidence,io_confidence_hidden_all_7e9d1_00004_decoder.pkl,0.8470172626396005,0.920349542268842
55,B_PC1by75_N1000_06-03-20,gru11_b_2020-12-11,7e9d1_00004,hidden_all,io_evidence,io_evidence_hidden_all_7e9d1_00004_decoder.pkl,0.9784544200217455,0.989173488032962
56,B_PC1by75_N1000_06-03-20,gru11_b_2020-12-11,7e9d1_00004,hidden_all,io_lr_tplus1,io_lr_tplus1_hidden_all_7e9d1_00004_decoder.pkl,0.831779865900053,0.9120518824527349
57,B_PC1by75_N1000_06-03-20,gru11_b_2020-12-11,7e9d1_00004,output,io_confidence,io_confidence_output_7e9d1_00004_decoder.pkl,-0.005362288239056046,-0.008842302413040007
58,B_PC1by75_N1000_06-03-20,gru11_b_2020-12-11,7e9d1_00004,output,io_evidence,io_evidence_output_7e9d1_00004_decoder.pkl,0.9427867414703713,0.9709881400727078
59,B_PC1by75_N1000_06-03-20,gru11_b_2020-12-11,7e9d1_00004,output,io_lr_tplus1,io_lr_tplus1_output_7e9d1_00004_decoder.pkl,-0.0018156035447891572,0.0012486492696098493
60,B_PC1by75_N1000_06-03-20,gru11_b_2020-12-11,7e9d1_00005,hidden_state,io_confidence,io_confidence_hidden_state_7e9d1_00005_decoder.pkl,0.7054360997405233,0.8444433745584441
61,B_PC1by75_N1000_06-03-20,gru11_b_2020-12-11,7e9d1_00005,hidden_state,io_evidence,io_evidence_hidden_state_7e9d1_00005_decoder.pkl,0.9768681622636974,0.9883777715249739
62,B_PC1by75_N1000_06-03-20,gru11_b_2020-12-11,7e9d1_00005,hidden_state,io_lr_tplus1,io_lr_tplus1_hidden_state_7e9d1_00005_decoder.pkl,0.6585827887736935,0.8141360862532503
63,B_PC1by75_N1000_06-03-20,gru11_b_2020-12-11,7e9d1_00005,hidden_gates_tplus1,io_confidence,io_confidence_hidden_gates_tplus1_7e9d1_00005_decoder.pkl,0.7935613600331368,0.8910826413650398
64,B_PC1by75_N1000_06-03-20,gru11_b_2020-12-11,7e9d1_00005,hidden_gates_tplus1,io_evidence,io_evidence_hidden_gates_tplus1_7e9d1_00005_decoder.pkl,0.9776677851277301,0.9888271234612483
65,B_PC1by75_N1000_06-03-20,gru11_b_2020-12-11,7e9d1_00005,hidden_gates_tplus1,io_lr_tplus1,io_lr_tplus1_hidden_gates_tplus1_7e9d1_00005_decoder.pkl,0.8026787221082581,0.895997247239723
66,B_PC1by75_N1000_06-03-20,gru11_b_2020-12-11,7e9d1_00005,hidden_all,io_confidence,io_confidence_hidden_all_7e9d1_00005_decoder.pkl,0.8662834187860565,0.9307478434186184
67,B_PC1by75_N1000_06-03-20,gru11_b_2020-12-11,7e9d1_00005,hidden_all,io_evidence,io_evidence_hidden_all_7e9d1_00005_decoder.pkl,0.979714435463254,0.9898425369965437
68,B_PC1by75_N1000_06-03-20,gru11_b_2020-12-11,7e9d1_00005,hidden_all,io_lr_tplus1,io_lr_tplus1_hidden_all_7e9d1_00005_decoder.pkl,0.8523944936249563,0.923273323047173
69,B_PC1by75_N1000_06-03-20,gru11_b_2020-12-11,7e9d1_00005,output,io_confidence,io_confidence_output_7e9d1_00005_decoder.pkl,-0.005444768595432192,-0.005644863115237537
70,B_PC1by75_N1000_06-03-20,gru11_b_2020-12-11,7e9d1_00005,output,io_evidence,io_evidence_output_7e9d1_00005_decoder.pkl,0.9464153477631674,0.9728576693921965
71,B_PC1by75_N1000_06-03-20,gru11_b_2020-12-11,7e9d1_00005,output,io_lr_tplus1,io_lr_tplus1_output_7e9d1_00005_decoder.pkl,-0.0017302555564411293,-0.009745296946282164
72,B_PC1by75_N1000_06-03-20,gru11_b_2020-12-11,7e9d1_00006,hidden_state,io_confidence,io_confidence_hidden_state_7e9d1_00006_decoder.pkl,0.5521579283619733,0.7451338012579098
73,B_PC1by75_N1000_06-03-20,gru11_b_2020-12-11,7e9d1_00006,hidden_state,io_evidence,io_evidence_hidden_state_7e9d1_00006_decoder.pkl,0.9770291982904837,0.9884534656376708
74,B_PC1by75_N1000_06-03-20,gru11_b_2020-12-11,7e9d1_00006,hidden_state,io_lr_tplus1,io_lr_tplus1_hidden_state_7e9d1_00006_decoder.pkl,0.5447437521015384,0.7390046243237915
75,B_PC1by75_N1000_06-03-20,gru11_b_2020-12-11,7e9d1_00006,hidden_gates_tplus1,io_confidence,io_confidence_hidden_gates_tplus1_7e9d1_00006_decoder.pkl,0.7148820520097472,0.8468989939072586
76,B_PC1by75_N1000_06-03-20,gru11_b_2020-12-11,7e9d1_00006,hidden_gates_tplus1,io_evidence,io_evidence_hidden_gates_tplus1_7e9d1_00006_decoder.pkl,0.9780531907817062,0.9889685251886107
77,B_PC1by75_N1000_06-03-20,gru11_b_2020-12-11,7e9d1_00006,hidden_gates_tplus1,io_lr_tplus1,io_lr_tplus1_hidden_gates_tplus1_7e9d1_00006_decoder.pkl,0.7417389287272209,0.8616092051916117
78,B_PC1by75_N1000_06-03-20,gru11_b_2020-12-11,7e9d1_00006,hidden_all,io_confidence,io_confidence_hidden_all_7e9d1_00006_decoder.pkl,0.8234451897444013,0.9074392688386673
79,B_PC1by75_N1000_06-03-20,gru11_b_2020-12-11,7e9d1_00006,hidden_all,io_evidence,io_evidence_hidden_all_7e9d1_00006_decoder.pkl,0.978854672171568,0.9893884951477164
80,B_PC1by75_N1000_06-03-20,gru11_b_2020-12-11,7e9d1_00006,hidden_all,io_lr_tplus1,io_lr_tplus1_hidden_all_7e9d1_00006_decoder.pkl,0.7964010242793369,0.8924274073952416
81,B_PC1by75_N1000_06-03-20,gru11_b_2020-12-11,7e9d1_00006,output,io_confidence,io_confidence_output_7e9d1_00006_decoder.pkl,-0.005059424183856409,0.01705807914271764
82,B_PC1by75_N1000_06-03-20,gru11_b_2020-12-11,7e9d1_00006,output,io_evidence,io_evidence_output_7e9d1_00006_decoder.pkl,0.9423069222193633,0.9707390723034167
83,B_PC1by75_N1000_06-03-20,gru11_b_2020-12-11,7e9d1_00006,output,io_lr_tplus1,io_lr_tplus1_output_7e9d1_00006_decoder.pkl,-0.0016609616346994205,0.009316872770772951
84,B_PC1by75_N1000_06-03-20,gru11_b_2020-12-11,7e9d1_00007,hidden_state,io_confidence,io_confidence_hidden_state_7e9d1_00007_decoder.pkl,0.701419785680469,0.8380967566191647
85,B_PC1by75_N1000_06-03-20,gru11_b_2020-12-11,7e9d1_00007,hidden_state,io_evidence,io_evidence_hidden_state_7e9d1_00007_decoder.pkl,0.9770667714225449,0.9885196423412348
86,B_PC1by75_N1000_06-03-20,gru11_b_2020-12-11,7e9d1_00007,hidden_state,io_lr_tplus1,io_lr_tplus1_hidden_state_7e9d1_00007_decoder.pkl,0.6309332279208644,0.7943440792834632
87,B_PC1by75_N1000_06-03-20,gru11_b_2020-12-11,7e9d1_00007,hidden_gates_tplus1,io_confidence,io_confidence_hidden_gates_tplus1_7e9d1_00007_decoder.pkl,0.7892498287708268,0.8890919923502876
88,B_PC1by75_N1000_06-03-20,gru11_b_2020-12-11,7e9d1_00007,hidden_gates_tplus1,io_evidence,io_evidence_hidden_gates_tplus1_7e9d1_00007_decoder.pkl,0.9767634048750217,0.9883584680954334
89,B_PC1by75_N1000_06-03-20,gru11_b_2020-12-11,7e9d1_00007,hidden_gates_tplus1,io_lr_tplus1,io_lr_tplus1_hidden_gates_tplus1_7e9d1_00007_decoder.pkl,0.7660600266409499,0.8757404847381025
90,B_PC1by75_N1000_06-03-20,gru11_b_2020-12-11,7e9d1_00007,hidden_all,io_confidence,io_confidence_hidden_all_7e9d1_00007_decoder.pkl,0.8485950871862729,0.9213581065132039
91,B_PC1by75_N1000_06-03-20,gru11_b_2020-12-11,7e9d1_00007,hidden_all,io_evidence,io_evidence_hidden_all_7e9d1_00007_decoder.pkl,0.979448637345963,0.989740642339956
92,B_PC1by75_N1000_06-03-20,gru11_b_2020-12-11,7e9d1_00007,hidden_all,io_lr_tplus1,io_lr_tplus1_hidden_all_7e9d1_00007_decoder.pkl,0.8276893824399459,0.9098316900938669
93,B_PC1by75_N1000_06-03-20,gru11_b_2020-12-11,7e9d1_00007,output,io_confidence,io_confidence_output_7e9d1_00007_decoder.pkl,-0.00507262466778613,0.01948145814547821
94,B_PC1by75_N1000_06-03-20,gru11_b_2020-12-11,7e9d1_00007,output,io_evidence,io_evidence_output_7e9d1_00007_decoder.pkl,0.9399663780556469,0.9695447641113856
95,B_PC1by75_N1000_06-03-20,gru11_b_2020-12-11,7e9d1_00007,output,io_lr_tplus1,io_lr_tplus1_output_7e9d1_00007_decoder.pkl,-0.0015768382687459948,0.015855514064508185
96,B_PC1by75_N1000_06-03-20,gru11_b_2020-12-11,7e9d1_00008,hidden_state,io_confidence,io_confidence_hidden_state_7e9d1_00008_decoder.pkl,0.6488385300398978,0.8067111532508026
97,B_PC1by75_N1000_06-03-20,gru11_b_2020-12-11,7e9d1_00008,hidden_state,io_evidence,io_evidence_hidden_state_7e9d1_00008_decoder.pkl,0.974571197511136,0.9872397204517929
98,B_PC1by75_N1000_06-03-20,gru11_b_2020-12-11,7e9d1_00008,hidden_state,io_lr_tplus1,io_lr_tplus1_hidden_state_7e9d1_00008_decoder.pkl,0.5850291279372941,0.7653805390709014
99,B_PC1by75_N1000_06-03-20,gru11_b_2020-12-11,7e9d1_00008,hidden_gates_tplus1,io_confidence,io_confidence_hidden_gates_tplus1_7e9d1_00008_decoder.pkl,0.7075586447614162,0.8414339104792133
100,B_PC1by75_N1000_06-03-20,gru11_b_2020-12-11,7e9d1_00008,hidden_gates_tplus1,io_evidence,io_evidence_hidden_gates_tplus1_7e9d1_00008_decoder.pkl,0.9755712743788085,0.9877210661941868
101,B_PC1by75_N1000_06-03-20,gru11_b_2020-12-11,7e9d1_00008,hidden_gates_tplus1,io_lr_tplus1,io_lr_tplus1_hidden_gates_tplus1_7e9d1_00008_decoder.pkl,0.6810556706046501,0.8254292198567595
102,B_PC1by75_N1000_06-03-20,gru11_b_2020-12-11,7e9d1_00008,hidden_all,io_confidence,io_confidence_hidden_all_7e9d1_00008_decoder.pkl,0.8112847601118306,0.9008272718807462
103,B_PC1by75_N1000_06-03-20,gru11_b_2020-12-11,7e9d1_00008,hidden_all,io_evidence,io_evidence_hidden_all_7e9d1_00008_decoder.pkl,0.976728191627815,0.9883205225977709
104,B_PC1by75_N1000_06-03-20,gru11_b_2020-12-11,7e9d1_00008,hidden_all,io_lr_tplus1,io_lr_tplus1_hidden_all_7e9d1_00008_decoder.pkl,0.7651433490126158,0.8747665714093346
105,B_PC1by75_N1000_06-03-20,gru11_b_2020-12-11,7e9d1_00008,output,io_confidence,io_confidence_output_7e9d1_00008_decoder.pkl,-0.004512665315482778,0.033594143011099996
106,B_PC1by75_N1000_06-03-20,gru11_b_2020-12-11,7e9d1_00008,output,io_evidence,io_evidence_output_7e9d1_00008_decoder.pkl,0.9483216808252749,0.9738248972091734
107,B_PC1by75_N1000_06-03-20,gru11_b_2020-12-11,7e9d1_00008,output,io_lr_tplus1,io_lr_tplus1_output_7e9d1_00008_decoder.pkl,-0.000667564451659608,0.037093248999897944
108,B_PC1by75_N1000_06-03-20,gru11_b_2020-12-11,7e9d1_00009,hidden_state,io_confidence,io_confidence_hidden_state_7e9d1_00009_decoder.pkl,0.783403497590005,0.8869740033946785
109,B_PC1by75_N1000_06-03-20,gru11_b_2020-12-11,7e9d1_00009,hidden_state,io_evidence,io_evidence_hidden_state_7e9d1_00009_decoder.pkl,0.9739837296164382,0.9869534308687404
110,B_PC1by75_N1000_06-03-20,gru11_b_2020-12-11,7e9d1_00009,hidden_state,io_lr_tplus1,io_lr_tplus1_hidden_state_7e9d1_00009_decoder.pkl,0.7179200703654065,0.8485370908599402
111,B_PC1by75_N1000_06-03-20,gru11_b_2020-12-11,7e9d1_00009,hidden_gates_tplus1,io_confidence,io_confidence_hidden_gates_tplus1_7e9d1_00009_decoder.pkl,0.7889833849628912,0.8883538632228808
112,B_PC1by75_N1000_06-03-20,gru11_b_2020-12-11,7e9d1_00009,hidden_gates_tplus1,io_evidence,io_evidence_hidden_gates_tplus1_7e9d1_00009_decoder.pkl,0.9736430381120251,0.9868845690900312
113,B_PC1by75_N1000_06-03-20,gru11_b_2020-12-11,7e9d1_00009,hidden_gates_tplus1,io_lr_tplus1,io_lr_tplus1_hidden_gates_tplus1_7e9d1_00009_decoder.pkl,0.8083381321985177,0.8991190652420545
114,B_PC1by75_N1000_06-03-20,gru11_b_2020-12-11,7e9d1_00009,hidden_all,io_confidence,io_confidence_hidden_all_7e9d1_00009_decoder.pkl,0.8459750532365115,0.9199451984866719
115,B_PC1by75_N1000_06-03-20,gru11_b_2020-12-11,7e9d1_00009,hidden_all,io_evidence,io_evidence_hidden_all_7e9d1_00009_decoder.pkl,0.9779816299776224,0.9890155557851628
116,B_PC1by75_N1000_06-03-20,gru11_b_2020-12-11,7e9d1_00009,hidden_all,io_lr_tplus1,io_lr_tplus1_hidden_all_7e9d1_00009_decoder.pkl,0.8352522131099763,0.9139576652311379
117,B_PC1by75_N1000_06-03-20,gru11_b_2020-12-11,7e9d1_00009,output,io_confidence,io_confidence_output_7e9d1_00009_decoder.pkl,-0.005296531923560721,0.007866609345669065
118,B_PC1by75_N1000_06-03-20,gru11_b_2020-12-11,7e9d1_00009,output,io_evidence,io_evidence_output_7e9d1_00009_decoder.pkl,0.9423795822109962,0.9707854747366692
119,B_PC1by75_N1000_06-03-20,gru11_b_2020-12-11,7e9d1_00009,output,io_lr_tplus1,io_lr_tplus1_output_7e9d1_00009_decoder.pkl,-0.0017372482769131281,0.0037883126134697544
120,B_PC1by75_N1000_06-03-20,gru11_b_2020-12-11,7e9d1_00010,hidden_state,io_confidence,io_confidence_hidden_state_7e9d1_00010_decoder.pkl,0.6414978266212177,0.803631974457616
121,B_PC1by75_N1000_06-03-20,gru11_b_2020-12-11,7e9d1_00010,hidden_state,io_evidence,io_evidence_hidden_state_7e9d1_00010_decoder.pkl,0.9746855904188636,0.9872846112193893
122,B_PC1by75_N1000_06-03-20,gru11_b_2020-12-11,7e9d1_00010,hidden_state,io_lr_tplus1,io_lr_tplus1_hidden_state_7e9d1_00010_decoder.pkl,0.6052272100116081,0.7790733425537115
123,B_PC1by75_N1000_06-03-20,gru11_b_2020-12-11,7e9d1_00010,hidden_gates_tplus1,io_confidence,io_confidence_hidden_gates_tplus1_7e9d1_00010_decoder.pkl,0.7959455548866345,0.89281541400896
124,B_PC1by75_N1000_06-03-20,gru11_b_2020-12-11,7e9d1_00010,hidden_gates_tplus1,io_evidence,io_evidence_hidden_gates_tplus1_7e9d1_00010_decoder.pkl,0.9739054939266002,0.9869160583695523
125,B_PC1by75_N1000_06-03-20,gru11_b_2020-12-11,7e9d1_00010,hidden_gates_tplus1,io_lr_tplus1,io_lr_tplus1_hidden_gates_tplus1_7e9d1_00010_decoder.pkl,0.7769217924080631,0.8815185502891936
126,B_PC1by75_N1000_06-03-20,gru11_b_2020-12-11,7e9d1_00010,hidden_all,io_confidence,io_confidence_hidden_all_7e9d1_00010_decoder.pkl,0.8519787949816369,0.9231396094633141
127,B_PC1by75_N1000_06-03-20,gru11_b_2020-12-11,7e9d1_00010,hidden_all,io_evidence,io_evidence_hidden_all_7e9d1_00010_decoder.pkl,0.9772914665965536,0.9886637017700399
128,B_PC1by75_N1000_06-03-20,gru11_b_2020-12-11,7e9d1_00010,hidden_all,io_lr_tplus1,io_lr_tplus1_hidden_all_7e9d1_00010_decoder.pkl,0.8219375234401634,0.9066490288998308
129,B_PC1by75_N1000_06-03-20,gru11_b_2020-12-11,7e9d1_00010,output,io_confidence,io_confidence_output_7e9d1_00010_decoder.pkl,-0.004548328884958597,0.030557353179230234
130,B_PC1by75_N1000_06-03-20,gru11_b_2020-12-11,7e9d1_00010,output,io_evidence,io_evidence_output_7e9d1_00010_decoder.pkl,0.9415583147363396,0.9703482396092459
131,B_PC1by75_N1000_06-03-20,gru11_b_2020-12-11,7e9d1_00010,output,io_lr_tplus1,io_lr_tplus1_output_7e9d1_00010_decoder.pkl,-0.000993555688614256,0.02906616894797419
132,B_PC1by75_N1000_06-03-20,gru11_b_2020-12-11,7e9d1_00011,hidden_state,io_confidence,io_confidence_hidden_state_7e9d1_00011_decoder.pkl,0.6712331167135753,0.8234200756763995
133,B_PC1by75_N1000_06-03-20,gru11_b_2020-12-11,7e9d1_00011,hidden_state,io_evidence,io_evidence_hidden_state_7e9d1_00011_decoder.pkl,0.977515405234684,0.9887380129620003
134,B_PC1by75_N1000_06-03-20,gru11_b_2020-12-11,7e9d1_00011,hidden_state,io_lr_tplus1,io_lr_tplus1_hidden_state_7e9d1_00011_decoder.pkl,0.6459105864465512,0.8071893260187275
135,B_PC1by75_N1000_06-03-20,gru11_b_2020-12-11,7e9d1_00011,hidden_gates_tplus1,io_confidence,io_confidence_hidden_gates_tplus1_7e9d1_00011_decoder.pkl,0.8209153024639538,0.906123965884976
136,B_PC1by75_N1000_06-03-20,gru11_b_2020-12-11,7e9d1_00011,hidden_gates_tplus1,io_evidence,io_evidence_hidden_gates_tplus1_7e9d1_00011_decoder.pkl,0.975046656401725,0.9875275222362504
137,B_PC1by75_N1000_06-03-20,gru11_b_2020-12-11,7e9d1_00011,hidden_gates_tplus1,io_lr_tplus1,io_lr_tplus1_hidden_gates_tplus1_7e9d1_00011_decoder.pkl,0.8269644405099708,0.9093969029596216
138,B_PC1by75_N1000_06-03-20,gru11_b_2020-12-11,7e9d1_00011,hidden_all,io_confidence,io_confidence_hidden_all_7e9d1_00011_decoder.pkl,0.8749705099633378,0.9354713688089508
139,B_PC1by75_N1000_06-03-20,gru11_b_2020-12-11,7e9d1_00011,hidden_all,io_evidence,io_evidence_hidden_all_7e9d1_00011_decoder.pkl,0.9800205645014018,0.990010185142765
140,B_PC1by75_N1000_06-03-20,gru11_b_2020-12-11,7e9d1_00011,hidden_all,io_lr_tplus1,io_lr_tplus1_hidden_all_7e9d1_00011_decoder.pkl,0.8539657136250874,0.9241371199857549
141,B_PC1by75_N1000_06-03-20,gru11_b_2020-12-11,7e9d1_00011,output,io_confidence,io_confidence_output_7e9d1_00011_decoder.pkl,-0.005390967297727034,-0.006497509215786748
142,B_PC1by75_N1000_06-03-20,gru11_b_2020-12-11,7e9d1_00011,output,io_evidence,io_evidence_output_7e9d1_00011_decoder.pkl,0.9430046936446331,0.9710926634686913
143,B_PC1by75_N1000_06-03-20,gru11_b_2020-12-11,7e9d1_00011,output,io_lr_tplus1,io_lr_tplus1_output_7e9d1_00011_decoder.pkl,-0.0017727905519684395,0.007326956899319526
144,B_PC1by75_N1000_06-03-20,gru11_b_2020-12-11,7e9d1_00012,hidden_state,io_confidence,io_confidence_hidden_state_7e9d1_00012_decoder.pkl,0.7291799612297514,0.8547587178464172
145,B_PC1by75_N1000_06-03-20,gru11_b_2020-12-11,7e9d1_00012,hidden_state,io_evidence,io_evidence_hidden_state_7e9d1_00012_decoder.pkl,0.976079518798602,0.988002668379611
146,B_PC1by75_N1000_06-03-20,gru11_b_2020-12-11,7e9d1_00012,hidden_state,io_lr_tplus1,io_lr_tplus1_hidden_state_7e9d1_00012_decoder.pkl,0.66035472287635,0.8128423629513657
147,B_PC1by75_N1000_06-03-20,gru11_b_2020-12-11,7e9d1_00012,hidden_gates_tplus1,io_confidence,io_confidence_hidden_gates_tplus1_7e9d1_00012_decoder.pkl,0.7973770356370146,0.893151327864773
148,B_PC1by75_N1000_06-03-20,gru11_b_2020-12-11,7e9d1_00012,hidden_gates_tplus1,io_evidence,io_evidence_hidden_gates_tplus1_7e9d1_00012_decoder.pkl,0.9781394017566807,0.9890447880089045
149,B_PC1by75_N1000_06-03-20,gru11_b_2020-12-11,7e9d1_00012,hidden_gates_tplus1,io_lr_tplus1,io_lr_tplus1_hidden_gates_tplus1_7e9d1_00012_decoder.pkl,0.7988557263514937,0.8938951593797508
150,B_PC1by75_N1000_06-03-20,gru11_b_2020-12-11,7e9d1_00012,hidden_all,io_confidence,io_confidence_hidden_all_7e9d1_00012_decoder.pkl,0.8578539909530102,0.9262559545865601
151,B_PC1by75_N1000_06-03-20,gru11_b_2020-12-11,7e9d1_00012,hidden_all,io_evidence,io_evidence_hidden_all_7e9d1_00012_decoder.pkl,0.9799952630621176,0.9899774275886055
152,B_PC1by75_N1000_06-03-20,gru11_b_2020-12-11,7e9d1_00012,hidden_all,io_lr_tplus1,io_lr_tplus1_hidden_all_7e9d1_00012_decoder.pkl,0.8337639562461725,0.913106863412316
153,B_PC1by75_N1000_06-03-20,gru11_b_2020-12-11,7e9d1_00012,output,io_confidence,io_confidence_output_7e9d1_00012_decoder.pkl,-0.0035627414170193994,0.043387626798139775
154,B_PC1by75_N1000_06-03-20,gru11_b_2020-12-11,7e9d1_00012,output,io_evidence,io_evidence_output_7e9d1_00012_decoder.pkl,0.9411800981684527,0.9701556350842551
155,B_PC1by75_N1000_06-03-20,gru11_b_2020-12-11,7e9d1_00012,output,io_lr_tplus1,io_lr_tplus1_output_7e9d1_00012_decoder.pkl,-0.0008703499162208139,0.03069126850788231
156,B_PC1by75_N1000_06-03-20,gru11_b_2020-12-11,7e9d1_00013,hidden_state,io_confidence,io_confidence_hidden_state_7e9d1_00013_decoder.pkl,0.679870088567572,0.8252923557243296
157,B_PC1by75_N1000_06-03-20,gru11_b_2020-12-11,7e9d1_00013,hidden_state,io_evidence,io_evidence_hidden_state_7e9d1_00013_decoder.pkl,0.9749684432341987,0.9874614363976276
158,B_PC1by75_N1000_06-03-20,gru11_b_2020-12-11,7e9d1_00013,hidden_state,io_lr_tplus1,io_lr_tplus1_hidden_state_7e9d1_00013_decoder.pkl,0.6374786666035956,0.7985279154187231
159,B_PC1by75_N1000_06-03-20,gru11_b_2020-12-11,7e9d1_00013,hidden_gates_tplus1,io_confidence,io_confidence_hidden_gates_tplus1_7e9d1_00013_decoder.pkl,0.808285207833409,0.8992485338995697
160,B_PC1by75_N1000_06-03-20,gru11_b_2020-12-11,7e9d1_00013,hidden_gates_tplus1,io_evidence,io_evidence_hidden_gates_tplus1_7e9d1_00013_decoder.pkl,0.9759273205300149,0.9879742136520854
161,B_PC1by75_N1000_06-03-20,gru11_b_2020-12-11,7e9d1_00013,hidden_gates_tplus1,io_lr_tplus1,io_lr_tplus1_hidden_gates_tplus1_7e9d1_00013_decoder.pkl,0.7903261628189802,0.8890787144986175
162,B_PC1by75_N1000_06-03-20,gru11_b_2020-12-11,7e9d1_00013,hidden_all,io_confidence,io_confidence_hidden_all_7e9d1_00013_decoder.pkl,0.8459397653995836,0.9197694320223132
163,B_PC1by75_N1000_06-03-20,gru11_b_2020-12-11,7e9d1_00013,hidden_all,io_evidence,io_evidence_hidden_all_7e9d1_00013_decoder.pkl,0.9772446333568435,0.9886771995763945
164,B_PC1by75_N1000_06-03-20,gru11_b_2020-12-11,7e9d1_00013,hidden_all,io_lr_tplus1,io_lr_tplus1_hidden_all_7e9d1_00013_decoder.pkl,0.8305507590631473,0.911361246001808
165,B_PC1by75_N1000_06-03-20,gru11_b_2020-12-11,7e9d1_00013,output,io_confidence,io_confidence_output_7e9d1_00013_decoder.pkl,-0.005124299855129744,0.018424807579642027
166,B_PC1by75_N1000_06-03-20,gru11_b_2020-12-11,7e9d1_00013,output,io_evidence,io_evidence_output_7e9d1_00013_decoder.pkl,0.9428181025038378,0.9710080595680896
167,B_PC1by75_N1000_06-03-20,gru11_b_2020-12-11,7e9d1_00013,output,io_lr_tplus1,io_lr_tplus1_output_7e9d1_00013_decoder.pkl,-0.001659392084955691,0.01306061524558505
168,B_PC1by75_N1000_06-03-20,gru11_b_2020-12-11,7e9d1_00014,hidden_state,io_confidence,io_confidence_hidden_state_7e9d1_00014_decoder.pkl,0.6327720407654389,0.79600628448844
169,B_PC1by75_N1000_06-03-20,gru11_b_2020-12-11,7e9d1_00014,hidden_state,io_evidence,io_evidence_hidden_state_7e9d1_00014_decoder.pkl,0.9767505486557805,0.9883206157309223
170,B_PC1by75_N1000_06-03-20,gru11_b_2020-12-11,7e9d1_00014,hidden_state,io_lr_tplus1,io_lr_tplus1_hidden_state_7e9d1_00014_decoder.pkl,0.6028803703770015,0.7764734146544181
171,B_PC1by75_N1000_06-03-20,gru11_b_2020-12-11,7e9d1_00014,hidden_gates_tplus1,io_confidence,io_confidence_hidden_gates_tplus1_7e9d1_00014_decoder.pkl,0.8042913604192423,0.8972071549375714
172,B_PC1by75_N1000_06-03-20,gru11_b_2020-12-11,7e9d1_00014,hidden_gates_tplus1,io_evidence,io_evidence_hidden_gates_tplus1_7e9d1_00014_decoder.pkl,0.9766384660836539,0.988268955682098
173,B_PC1by75_N1000_06-03-20,gru11_b_2020-12-11,7e9d1_00014,hidden_gates_tplus1,io_lr_tplus1,io_lr_tplus1_hidden_gates_tplus1_7e9d1_00014_decoder.pkl,0.7950397907137322,0.8917623183305242
174,B_PC1by75_N1000_06-03-20,gru11_b_2020-12-11,7e9d1_00014,hidden_all,io_confidence,io_confidence_hidden_all_7e9d1_00014_decoder.pkl,0.8744553825284171,0.9351748870548808
175,B_PC1by75_N1000_06-03-20,gru11_b_2020-12-11,7e9d1_00014,hidden_all,io_evidence,io_evidence_hidden_all_7e9d1_00014_decoder.pkl,0.9800745628484367,0.990004741858675
176,B_PC1by75_N1000_06-03-20,gru11_b_2020-12-11,7e9d1_00014,hidden_all,io_lr_tplus1,io_lr_tplus1_hidden_all_7e9d1_00014_decoder.pkl,0.8385521114494423,0.9157377615259251
177,B_PC1by75_N1000_06-03-20,gru11_b_2020-12-11,7e9d1_00014,output,io_confidence,io_confidence_output_7e9d1_00014_decoder.pkl,-0.005287444356846915,-0.01367860477286997
178,B_PC1by75_N1000_06-03-20,gru11_b_2020-12-11,7e9d1_00014,output,io_evidence,io_evidence_output_7e9d1_00014_decoder.pkl,0.9438308775989458,0.9715491518139237
179,B_PC1by75_N1000_06-03-20,gru11_b_2020-12-11,7e9d1_00014,output,io_lr_tplus1,io_lr_tplus1_output_7e9d1_00014_decoder.pkl,-0.0015152225053733925,0.01700391403476773
180,B_PC1by75_N1000_06-03-20,gru11_b_2020-12-11,7e9d1_00015,hidden_state,io_confidence,io_confidence_hidden_state_7e9d1_00015_decoder.pkl,0.5989626756359301,0.7754765549868977
181,B_PC1by75_N1000_06-03-20,gru11_b_2020-12-11,7e9d1_00015,hidden_state,io_evidence,io_evidence_hidden_state_7e9d1_00015_decoder.pkl,0.9759414447757013,0.9879173679773524
182,B_PC1by75_N1000_06-03-20,gru11_b_2020-12-11,7e9d1_00015,hidden_state,io_lr_tplus1,io_lr_tplus1_hidden_state_7e9d1_00015_decoder.pkl,0.5643094644599651,0.752335183313091
183,B_PC1by75_N1000_06-03-20,gru11_b_2020-12-11,7e9d1_00015,hidden_gates_tplus1,io_confidence,io_confidence_hidden_gates_tplus1_7e9d1_00015_decoder.pkl,0.7603633009574772,0.8725038690349485
184,B_PC1by75_N1000_06-03-20,gru11_b_2020-12-11,7e9d1_00015,hidden_gates_tplus1,io_evidence,io_evidence_hidden_gates_tplus1_7e9d1_00015_decoder.pkl,0.9774904185329273,0.9886831207708167
185,B_PC1by75_N1000_06-03-20,gru11_b_2020-12-11,7e9d1_00015,hidden_gates_tplus1,io_lr_tplus1,io_lr_tplus1_hidden_gates_tplus1_7e9d1_00015_decoder.pkl,0.7356073025918692,0.85780789937065
186,B_PC1by75_N1000_06-03-20,gru11_b_2020-12-11,7e9d1_00015,hidden_all,io_confidence,io_confidence_hidden_all_7e9d1_00015_decoder.pkl,0.8471689245497316,0.9204287480903668
187,B_PC1by75_N1000_06-03-20,gru11_b_2020-12-11,7e9d1_00015,hidden_all,io_evidence,io_evidence_hidden_all_7e9d1_00015_decoder.pkl,0.9781991845659048,0.989046184071752
188,B_PC1by75_N1000_06-03-20,gru11_b_2020-12-11,7e9d1_00015,hidden_all,io_lr_tplus1,io_lr_tplus1_hidden_all_7e9d1_00015_decoder.pkl,0.8136535992300935,0.9020431058701547
189,B_PC1by75_N1000_06-03-20,gru11_b_2020-12-11,7e9d1_00015,output,io_confidence,io_confidence_output_7e9d1_00015_decoder.pkl,-0.005458864007322095,-0.003987150716017753
190,B_PC1by75_N1000_06-03-20,gru11_b_2020-12-11,7e9d1_00015,output,io_evidence,io_evidence_output_7e9d1_00015_decoder.pkl,0.9396313948927948,0.9693662109267148
191,B_PC1by75_N1000_06-03-20,gru11_b_2020-12-11,7e9d1_00015,output,io_lr_tplus1,io_lr_tplus1_output_7e9d1_00015_decoder.pkl,-0.0018351557020084286,-0.0009867100656470815
192,B_PC1by75_N1000_06-03-20,gru11_b_2020-12-11,7e9d1_00016,hidden_state,io_confidence,io_confidence_hidden_state_7e9d1_00016_decoder.pkl,0.7794062348473807,0.8830995084940422
193,B_PC1by75_N1000_06-03-20,gru11_b_2020-12-11,7e9d1_00016,hidden_state,io_evidence,io_evidence_hidden_state_7e9d1_00016_decoder.pkl,0.9779293273601681,0.9889659357315503
194,B_PC1by75_N1000_06-03-20,gru11_b_2020-12-11,7e9d1_00016,hidden_state,io_lr_tplus1,io_lr_tplus1_hidden_state_7e9d1_00016_decoder.pkl,0.6800681726946156,0.8249605607902777
195,B_PC1by75_N1000_06-03-20,gru11_b_2020-12-11,7e9d1_00016,hidden_gates_tplus1,io_confidence,io_confidence_hidden_gates_tplus1_7e9d1_00016_decoder.pkl,0.8515742172568685,0.9232360044282507
196,B_PC1by75_N1000_06-03-20,gru11_b_2020-12-11,7e9d1_00016,hidden_gates_tplus1,io_evidence,io_evidence_hidden_gates_tplus1_7e9d1_00016_decoder.pkl,0.9793580603946879,0.9897043262471296
197,B_PC1by75_N1000_06-03-20,gru11_b_2020-12-11,7e9d1_00016,hidden_gates_tplus1,io_lr_tplus1,io_lr_tplus1_hidden_gates_tplus1_7e9d1_00016_decoder.pkl,0.8300720336838425,0.9112837326442405
198,B_PC1by75_N1000_06-03-20,gru11_b_2020-12-11,7e9d1_00016,hidden_all,io_confidence,io_confidence_hidden_all_7e9d1_00016_decoder.pkl,0.8851795184230052,0.9410102504156346
199,B_PC1by75_N1000_06-03-20,gru11_b_2020-12-11,7e9d1_00016,hidden_all,io_evidence,io_evidence_hidden_all_7e9d1_00016_decoder.pkl,0.9813623219303479,0.9907160150042532
200,B_PC1by75_N1000_06-03-20,gru11_b_2020-12-11,7e9d1_00016,hidden_all,io_lr_tplus1,io_lr_tplus1_hidden_all_7e9d1_00016_decoder.pkl,0.8528972483702506,0.9236034645157792
201,B_PC1by75_N1000_06-03-20,gru11_b_2020-12-11,7e9d1_00016,output,io_confidence,io_confidence_output_7e9d1_00016_decoder.pkl,-0.005084261007288315,0.02046382434225677
202,B_PC1by75_N1000_06-03-20,gru11_b_2020-12-11,7e9d1_00016,output,io_evidence,io_evidence_output_7e9d1_00016_decoder.pkl,0.9462899923135387,0.9727868315776649
203,B_PC1by75_N1000_06-03-20,gru11_b_2020-12-11,7e9d1_00016,output,io_lr_tplus1,io_lr_tplus1_output_7e9d1_00016_decoder.pkl,-0.0015508573194265018,0.017962370159683404
204,B_PC1by75_N1000_06-03-20,gru11_b_2020-12-11,7e9d1_00017,hidden_state,io_confidence,io_confidence_hidden_state_7e9d1_00017_decoder.pkl,0.785901359291235,0.8877847969923223
205,B_PC1by75_N1000_06-03-20,gru11_b_2020-12-11,7e9d1_00017,hidden_state,io_evidence,io_evidence_hidden_state_7e9d1_00017_decoder.pkl,0.9760919298062195,0.9880176882869521
206,B_PC1by75_N1000_06-03-20,gru11_b_2020-12-11,7e9d1_00017,hidden_state,io_lr_tplus1,io_lr_tplus1_hidden_state_7e9d1_00017_decoder.pkl,0.7494141903312067,0.8660041661207716
207,B_PC1by75_N1000_06-03-20,gru11_b_2020-12-11,7e9d1_00017,hidden_gates_tplus1,io_confidence,io_confidence_hidden_gates_tplus1_7e9d1_00017_decoder.pkl,0.7886874073622114,0.8884037770640408
208,B_PC1by75_N1000_06-03-20,gru11_b_2020-12-11,7e9d1_00017,hidden_gates_tplus1,io_evidence,io_evidence_hidden_gates_tplus1_7e9d1_00017_decoder.pkl,0.9749145316218631,0.9874466092197918
209,B_PC1by75_N1000_06-03-20,gru11_b_2020-12-11,7e9d1_00017,hidden_gates_tplus1,io_lr_tplus1,io_lr_tplus1_hidden_gates_tplus1_7e9d1_00017_decoder.pkl,0.810079445279909,0.9000535893449186
210,B_PC1by75_N1000_06-03-20,gru11_b_2020-12-11,7e9d1_00017,hidden_all,io_confidence,io_confidence_hidden_all_7e9d1_00017_decoder.pkl,0.8615819861982814,0.9283411534762007
211,B_PC1by75_N1000_06-03-20,gru11_b_2020-12-11,7e9d1_00017,hidden_all,io_evidence,io_evidence_hidden_all_7e9d1_00017_decoder.pkl,0.9784976616313589,0.9892845805771777
212,B_PC1by75_N1000_06-03-20,gru11_b_2020-12-11,7e9d1_00017,hidden_all,io_lr_tplus1,io_lr_tplus1_hidden_all_7e9d1_00017_decoder.pkl,0.8482889991971134,0.9210305351515198
213,B_PC1by75_N1000_06-03-20,gru11_b_2020-12-11,7e9d1_00017,output,io_confidence,io_confidence_output_7e9d1_00017_decoder.pkl,-0.005292509196588968,-0.011409133726685453
214,B_PC1by75_N1000_06-03-20,gru11_b_2020-12-11,7e9d1_00017,output,io_evidence,io_evidence_output_7e9d1_00017_decoder.pkl,0.9432509364124884,0.9712167579563219
215,B_PC1by75_N1000_06-03-20,gru11_b_2020-12-11,7e9d1_00017,output,io_lr_tplus1,io_lr_tplus1_output_7e9d1_00017_decoder.pkl,-0.0018031990528333264,-0.0007283437384167465
216,B_PC1by75_N1000_06-03-20,gru11_b_2020-12-11,7e9d1_00018,hidden_state,io_confidence,io_confidence_hidden_state_7e9d1_00018_decoder.pkl,0.660364564187983,0.8215770619027105
217,B_PC1by75_N1000_06-03-20,gru11_b_2020-12-11,7e9d1_00018,hidden_state,io_evidence,io_evidence_hidden_state_7e9d1_00018_decoder.pkl,0.9742046373763842,0.9870329591081692
218,B_PC1by75_N1000_06-03-20,gru11_b_2020-12-11,7e9d1_00018,hidden_state,io_lr_tplus1,io_lr_tplus1_hidden_state_7e9d1_00018_decoder.pkl,0.6436484395944785,0.8068740193226805
219,B_PC1by75_N1000_06-03-20,gru11_b_2020-12-11,7e9d1_00018,hidden_gates_tplus1,io_confidence,io_confidence_hidden_gates_tplus1_7e9d1_00018_decoder.pkl,0.7758977080986483,0.8809638416054001
220,B_PC1by75_N1000_06-03-20,gru11_b_2020-12-11,7e9d1_00018,hidden_gates_tplus1,io_evidence,io_evidence_hidden_gates_tplus1_7e9d1_00018_decoder.pkl,0.9754549404877184,0.9876633368617438
221,B_PC1by75_N1000_06-03-20,gru11_b_2020-12-11,7e9d1_00018,hidden_gates_tplus1,io_lr_tplus1,io_lr_tplus1_hidden_gates_tplus1_7e9d1_00018_decoder.pkl,0.7433747905908171,0.8622034117887826
222,B_PC1by75_N1000_06-03-20,gru11_b_2020-12-11,7e9d1_00018,hidden_all,io_confidence,io_confidence_hidden_all_7e9d1_00018_decoder.pkl,0.8272149043729911,0.9095309162495149
223,B_PC1by75_N1000_06-03-20,gru11_b_2020-12-11,7e9d1_00018,hidden_all,io_evidence,io_evidence_hidden_all_7e9d1_00018_decoder.pkl,0.9767920877255772,0.9883426704872973
224,B_PC1by75_N1000_06-03-20,gru11_b_2020-12-11,7e9d1_00018,hidden_all,io_lr_tplus1,io_lr_tplus1_hidden_all_7e9d1_00018_decoder.pkl,0.7872146954044561,0.8872768116563163
225,B_PC1by75_N1000_06-03-20,gru11_b_2020-12-11,7e9d1_00018,output,io_confidence,io_confidence_output_7e9d1_00018_decoder.pkl,-0.005175382205071299,0.013854436296861318
226,B_PC1by75_N1000_06-03-20,gru11_b_2020-12-11,7e9d1_00018,output,io_evidence,io_evidence_output_7e9d1_00018_decoder.pkl,0.9423640908432047,0.9707644907995125
227,B_PC1by75_N1000_06-03-20,gru11_b_2020-12-11,7e9d1_00018,output,io_lr_tplus1,io_lr_tplus1_output_7e9d1_00018_decoder.pkl,-0.001537311466308422,0.0145169561203786
228,B_PC1by75_N1000_06-03-20,gru11_b_2020-12-11,7e9d1_00019,hidden_state,io_confidence,io_confidence_hidden_state_7e9d1_00019_decoder.pkl,0.6833807885420398,0.8279722921462541
229,B_PC1by75_N1000_06-03-20,gru11_b_2020-12-11,7e9d1_00019,hidden_state,io_evidence,io_evidence_hidden_state_7e9d1_00019_decoder.pkl,0.9761778547379406,0.9880529691592049
230,B_PC1by75_N1000_06-03-20,gru11_b_2020-12-11,7e9d1_00019,hidden_state,io_lr_tplus1,io_lr_tplus1_hidden_state_7e9d1_00019_decoder.pkl,0.637477387252519,0.7990957412968697
231,B_PC1by75_N1000_06-03-20,gru11_b_2020-12-11,7e9d1_00019,hidden_gates_tplus1,io_confidence,io_confidence_hidden_gates_tplus1_7e9d1_00019_decoder.pkl,0.7745520365282313,0.8802131016873305
232,B_PC1by75_N1000_06-03-20,gru11_b_2020-12-11,7e9d1_00019,hidden_gates_tplus1,io_evidence,io_evidence_hidden_gates_tplus1_7e9d1_00019_decoder.pkl,0.9745961239976985,0.987246107566183
233,B_PC1by75_N1000_06-03-20,gru11_b_2020-12-11,7e9d1_00019,hidden_gates_tplus1,io_lr_tplus1,io_lr_tplus1_hidden_gates_tplus1_7e9d1_00019_decoder.pkl,0.7921550682628137,0.8900442320212816
234,B_PC1by75_N1000_06-03-20,gru11_b_2020-12-11,7e9d1_00019,hidden_all,io_confidence,io_confidence_hidden_all_7e9d1_00019_decoder.pkl,0.8254166786773732,0.9087598520203428
235,B_PC1by75_N1000_06-03-20,gru11_b_2020-12-11,7e9d1_00019,hidden_all,io_evidence,io_evidence_hidden_all_7e9d1_00019_decoder.pkl,0.978343915788581,0.9891573123949116
236,B_PC1by75_N1000_06-03-20,gru11_b_2020-12-11,7e9d1_00019,hidden_all,io_lr_tplus1,io_lr_tplus1_hidden_all_7e9d1_00019_decoder.pkl,0.8207377134949997,0.9060124586660564
237,B_PC1by75_N1000_06-03-20,gru11_b_2020-12-11,7e9d1_00019,output,io_confidence,io_confidence_output_7e9d1_00019_decoder.pkl,-0.004979034365456547,0.023726736259437158
238,B_PC1by75_N1000_06-03-20,gru11_b_2020-12-11,7e9d1_00019,output,io_evidence,io_evidence_output_7e9d1_00019_decoder.pkl,0.9469136526388564,0.9731169390485208
239,B_PC1by75_N1000_06-03-20,gru11_b_2020-12-11,7e9d1_00019,output,io_lr_tplus1,io_lr_tplus1_output_7e9d1_00019_decoder.pkl,-0.0015497398727435385,0.01827204040816478
